Position,Team,Tweets per user per team
1,#ManchesterUnited,2.1894093686354377
2,#Barcelona,1.7980225988700564
3,#Chelsea,1.763819095477387
4,#Juventus,1.5089820359281436
5,#RealMadrid,1.4865735767991408
